{
  "eeg_channels": [
    "4.476",
    "-2.7403",
    "-2.5017",
    "0.095121",
    "-7.0917",
    "-0.42704",
    "-2.5918",
    "-3.3238",
    "0.9995",
    "0.87011",
    "-0.080058",
    "2.8075",
    "-0.52398",
    "1.9341",
    "-3.7614",
    "-1.144",
    "0.033687",
    "2.7164",
    "0.84831"
  ],
  "original_shape": [
    30999,
    19
  ],
  "processed_shape": [
    59,
    570
  ],
  "sampling_rate": 256,
  "target_rate": 128,
  "n_features": 570,
  "n_time_features": 285,
  "n_freq_features": 285,
  "n_wavelet_features": 0,
  "n_nonlinear_features": 0
}